Metric,Count,Description,Implementation Status
Node Types,5,"Concept, Essay, Claim, Source, Question",✅ Fully Implemented
Relationship Types,7,"DEFINES, INFLUENCES, SUPPORTS, CONTRADICTS, DERIVED_FROM, RAISES, POINTS_TO",✅ Fully Implemented
CRUD Operations,25,"5 entities × 5 operations (Create, Read, Read All, Update, Delete)",✅ Fully Implemented
Basic API Endpoints,25,Standard RESTful endpoints for all entities,✅ Fully Implemented
Relationship Endpoints,8,Specialized endpoints for each relationship type,✅ Fully Implemented
Analytical Endpoints,5,"Search, Stats, Path Finding, Neighborhood, Insights",✅ Fully Implemented
Total API Endpoints,39,Complete API surface,✅ Fully Implemented
Database Queries,25+,Including complex analytical queries,✅ Fully Implemented
Documentation Files,5,CSV files documenting the complete system,✅ Complete
Test Coverage,Yes,Comprehensive test script covering all operations,✅ Available
Docker Support,Yes,Full containerization with hot reload,✅ Working
Neo4j Integration,Yes,Graph database with relationship management,✅ Operational
Agentic Readiness,Yes,All necessary endpoints for AI agent interaction,✅ Ready